B_test_04731.jpg	2018年11月07日
B_test_04732.jpg	2018年05月16日
B_test_04733.jpg	2018年08月01日
B_test_04734.jpg	2018年05月21日
B_test_04735.jpg	2018年07月03日
B_test_04736.jpg	2019年08月28日
B_test_04737.jpg	2018年05月16日
B_test_04738.jpg	2018年11月08日
B_test_04739.jpg	2018年05月28日
B_test_04740.jpg	2018年08月01日
B_test_04741.jpg	2019年10月08日
B_test_04742.jpg	2018年08月07日
B_test_04743.jpg	2018年08月14日
B_test_04744.jpg	2018年10月18日
B_test_04745.jpg	2018年10月18日
B_test_04746.jpg	2018年11月08日
B_test_04747.jpg	2018年09月06日
B_test_04748.jpg	2018年11月08日
B_test_04749.jpg	2018年10月18日
B_test_04750.jpg	2018年11月13日
B_test_04751.jpg	2018年08月15日
B_test_04752.jpg	2018年10月19日
B_test_04753.jpg	2018年01月16日
B_test_04754.jpg	2018年09月30日
B_test_04755.jpg	2018年10月29日
B_test_04756.jpg	2018年11月05日
B_test_04757.jpg	2018年10月30日
B_test_04758.jpg	2018年10月24日
B_test_04759.jpg	2019年11月06日
B_test_04760.jpg	2018年11月12日
B_test_04761.jpg	2019年10月08日
B_test_04762.jpg	2018年08月17日
B_test_04763.jpg	2018年10月31日
B_test_04764.jpg	2018年08月31日
B_test_04765.jpg	2018年09月10日
B_test_04766.jpg	2018年08月20日
B_test_04767.jpg	20198年08月20日
B_test_04768.jpg	2018年09月07日
B_test_04769.jpg	2018年09月18日
B_test_04770.jpg	2018年09月30日
B_test_04771.jpg	2018年09月29日
B_test_04772.jpg	2018年10月31日
B_test_04773.jpg	2019年08月24日
B_test_04774.jpg	2018年10月24日
B_test_04775.jpg	2018年08月24日
B_test_04776.jpg	2018年09月11日
B_test_04777.jpg	2018年11月16日
B_test_04778.jpg	2018年09月10日
B_test_04779.jpg	2018年08月23日
B_test_04780.jpg	2018年11月08日
B_test_04781.jpg	2018年10月08日
B_test_04782.jpg	2018年09月29日
B_test_04783.jpg	2018年09月10日
B_test_04784.jpg	2018年10月15日
B_test_04785.jpg	2019年10月18日
B_test_04786.jpg	2018年09月11日
B_test_04787.jpg	2018年08月31日
B_test_04788.jpg	2018年11月13日
B_test_04789.jpg	2018年10月15日
B_test_04790.jpg	2018年11月19日
B_test_04791.jpg	2018年08月24日
B_test_04792.jpg	2018年10月26日
B_test_04793.jpg	2018年11月13日
B_test_04794.jpg	2018年11月07日
